case_id,score
57543,0.012287981372721952
57549,0.05222277046577534
57551,0.006539031781397623
57552,0.009458008575759255
57569,0.07932662786968975
57630,0.013636028100008612
57631,0.037200741494157884
57632,0.003162250161949103
57633,0.06147767027802474
57634,0.009702785332130355
